"Time_Iter","Outer_Iter","Inner_Iter",     "rms[P]"     ,     "rms[U]"     ,     "rms[V]"     ,     "rms[W]"     ,     "rms[k]"     ,     "rms[w]"     
          0,           0,           0,      -2.323715934,      -17.45111935,               -32,               -32,      -4.125639496,     -0.3228324374
          0,           0,           1,      -2.453951443,      -1.915935639,       -3.16243257,      -3.144508973,      -4.304675784,       3.077641933
          0,           0,           2,      -2.644079966,       -2.11766454,      -3.181834605,      -3.105562099,      -4.646110021,       2.942722321
          0,           0,           3,      -2.843147419,      -2.300978326,      -3.125398521,      -3.139916686,      -4.798849809,        2.92418253
          0,           0,           4,      -2.866189522,      -2.472375655,      -3.332429246,       -3.35479263,      -4.642767275,       2.890605437
          0,           0,           5,      -2.961051592,      -2.600872409,       -3.39590119,      -3.366018911,      -4.280497114,       2.856930934
          0,           0,           6,      -3.146178396,      -2.664308546,      -3.380994112,      -3.357447316,       -4.23634097,       2.777218763
          0,           0,           7,      -3.256503726,      -2.772469822,      -3.435669658,      -3.424749305,      -4.443519425,       2.667254452
          0,           0,           8,      -3.281043244,      -2.965676921,      -3.562646127,      -3.453654123,      -4.549597237,       2.562098952
          0,           0,           9,      -3.315173249,      -3.284301979,      -3.643910233,      -3.524186246,       -4.64172731,       2.552933674
          0,           0,          10,      -3.359940806,      -3.422552512,      -3.737468811,      -3.686776255,      -4.326486849,       2.542550274
          0,           0,          11,      -3.478161079,      -3.297689528,      -3.865930155,      -3.833363332,      -4.121288808,       2.561626955
          0,           0,          12,      -3.676743838,      -3.252468293,      -3.938075679,      -3.785746499,      -3.916647125,       2.621329486
          0,           0,          13,      -3.915894803,      -3.339075028,      -4.012061044,      -3.879601714,      -3.769215835,        2.69456096
          0,           0,          14,      -3.958903784,      -3.506681229,      -4.174338118,      -3.942692561,      -3.571325154,       2.759498437
          0,           0,          15,      -3.940812333,      -3.790428392,      -4.270662489,       -4.13146552,      -3.416787956,       2.791456733
          0,           0,          16,      -4.015216555,      -3.896371304,      -4.187884408,      -4.144085453,      -3.380091633,       2.796198929
          0,           0,          17,      -4.075026484,      -3.798894578,      -4.172736448,      -4.087916559,      -3.530618978,       2.805370478
          0,           0,          18,      -4.160912468,       -3.72014957,      -4.267236503,      -4.065473765,      -3.490669747,        2.82295312
          0,           0,          19,      -4.259066662,       -3.76886159,      -4.156286092,      -3.956220919,      -3.377325078,       2.747283864
          0,           0,          20,      -4.212976747,      -3.875515197,      -3.967577224,      -3.830651996,      -3.807463049,       2.807487957
          0,           0,          21,      -4.275075845,      -3.843059933,      -3.974615529,      -3.830788405,      -3.808958218,       2.802577577
          0,           0,          22,      -4.185486256,      -3.879868362,      -4.157028211,       -3.82000439,      -3.904407288,       2.886512341
          0,           0,          23,      -4.152184673,      -3.665104985,      -3.900737836,      -3.519234774,       -3.98049667,        2.84093565
          0,           0,          24,        -4.2546503,      -3.753167715,      -3.911649704,      -3.647659024,      -4.061134469,       2.987613714
          0,           0,          25,      -4.278593034,      -3.771642453,      -3.957416369,      -3.810049915,      -4.007570376,       2.939568172
          0,           0,          26,      -4.260500627,      -3.841934915,       -3.85060399,      -3.663858769,      -3.937198826,       3.067250618
          0,           0,          27,       -4.26329588,      -3.816879006,      -3.816962334,      -3.658113529,      -3.847395797,       3.028520748
          0,           0,          28,      -4.296132527,      -3.873915687,      -3.872346236,      -3.801926189,      -3.914592658,       3.145895548
          0,           0,          29,      -4.116615589,      -3.647831878,      -3.804901362,      -3.345453934,      -3.604878977,       3.066024223
          0,           0,          30,      -4.080774584,      -3.591668833,      -3.770805717,      -3.410333419,      -3.835666564,       3.237062817
          0,           0,          31,      -4.154528592,       -3.67474423,      -3.817032737,      -3.701338658,      -3.683563278,       3.064791251
          0,           0,          32,      -4.124180459,      -3.736877022,       -3.73810495,      -3.422388056,      -3.825519933,        3.27912219
          0,           0,          33,      -4.124058937,      -3.687729016,      -3.725500046,      -3.471451553,      -3.733022311,       3.166993306
          0,           0,          34,      -4.084872799,      -3.532525866,      -3.733098792,       -3.65844428,      -3.641438495,       3.361637153
          0,           0,          35,      -4.030109706,      -3.532957427,      -3.754666415,      -3.647642625,       -3.51615225,       3.109654154
          0,           0,          36,      -4.085840174,       -3.66869894,      -3.794357154,      -3.660422245,      -3.555518045,       3.399884661
          0,           0,          37,      -4.079057024,      -3.586152894,      -3.765176012,      -3.632830839,      -3.493931601,       3.205132781
          0,           0,          38,      -3.976277815,      -3.426356889,       -3.74806221,      -3.586663989,      -3.419114162,       3.438328085
          0,           0,          39,      -3.956196366,      -3.413373499,      -3.713479415,      -3.548333144,      -3.341587486,        3.10187996
          0,           0,          40,      -4.031672224,      -3.505648926,      -3.631723765,      -3.559920816,      -3.416153777,       3.471078953
          0,           0,          41,      -4.030016859,      -3.421917874,      -3.593226418,      -3.500333023,      -3.374677807,       3.221425267
          0,           0,          42,       -3.93919715,      -3.304661521,      -3.622166626,      -3.448759134,      -3.507095166,       3.486219746
          0,           0,          43,      -3.926047673,      -3.308377865,      -3.593504274,      -3.425111006,      -3.398271349,       3.143660941
          0,           0,          44,      -3.966205923,      -3.399522053,      -3.577383047,      -3.418415548,      -3.569659216,       3.492330665
          0,           0,          45,       -3.96367601,      -3.339148922,      -3.556543011,      -3.387400666,      -3.537763985,       3.241341568
          0,           0,          46,      -3.925402169,        -3.2915928,      -3.591357178,      -3.404020017,      -3.511627478,       3.466269795
          0,           0,          47,      -3.930277343,      -3.285747315,      -3.573348047,      -3.380474446,      -3.362886909,       3.172965583
          0,           0,          48,      -3.972604831,      -3.343732822,      -3.495127667,      -3.411811192,       -3.08695337,       3.477648683
          0,           0,          49,      -3.958766085,      -3.291655713,      -3.474419839,      -3.368276331,      -3.228635405,       3.248932806
          0,           0,          50,      -3.906588158,      -3.250520397,      -3.480646611,      -3.336426175,      -2.796251517,       3.431120989
          0,           0,          51,      -3.917540998,      -3.248605194,      -3.441181908,      -3.336301602,       -3.20692621,        3.15304871
          0,           0,          52,      -3.993215824,      -3.324043379,      -3.414810356,      -3.445231266,      -3.231204456,       3.488505542
          0,           0,          53,      -3.984817232,      -3.293222185,      -3.418323216,      -3.387734823,      -3.022346556,       3.326855645
          0,           0,          54,      -3.937016472,      -3.258925323,      -3.392271988,      -3.381649457,      -2.985214669,        3.38585756
          0,           0,          55,        -3.9393875,      -3.254578582,      -3.323736331,      -3.346623035,      -2.960079465,       3.258237904
          0,           0,          56,      -3.916248396,      -3.255504347,      -3.288348946,      -3.227908203,      -3.033646412,       3.405764835
          0,           0,          57,      -3.922260117,      -3.246921104,      -3.298848209,      -3.239907117,      -2.928357137,       3.312167133
          0,           0,          58,      -3.915278999,      -3.247092583,       -3.29608342,      -3.332207926,      -3.047062813,       3.384900972
          0,           0,          59,      -3.919281201,      -3.254812879,       -3.33702126,      -3.346735271,      -2.938916641,       3.255200766
          0,           0,          60,      -3.941521137,      -3.272624256,      -3.283645119,      -3.348406629,      -2.945120009,       3.390284334
          0,           0,          61,      -3.935581645,      -3.264560786,      -3.278364925,      -3.344204413,      -2.949634081,       3.313422476
          0,           0,          62,      -3.890353419,      -3.211047571,      -3.241692999,      -3.248191769,      -3.021139546,       3.368710827
          0,           0,          63,      -3.907324827,      -3.226704943,      -3.256191853,      -3.274247771,      -2.997769505,       3.261074511
          0,           0,          64,      -3.946747905,      -3.305541104,      -3.263351519,      -3.372953022,      -3.124238803,       3.396219142
          0,           0,          65,      -3.949125315,       -3.28604904,      -3.302590192,      -3.368978154,      -3.270112533,       3.317664945
          0,           0,          66,      -3.899252544,      -3.229097257,      -3.251119913,       -3.28453101,      -3.352845481,        3.38822313
          0,           0,          67,      -3.910068464,      -3.251293075,      -3.273919939,      -3.306345099,      -3.319561561,       3.266810593
          0,           0,          68,        -3.9373198,       -3.32801224,      -3.268852519,      -3.402018108,      -3.458213255,       3.415714363
          0,           0,          69,      -3.936298051,      -3.303685885,      -3.311342379,      -3.386905577,      -3.497707376,       3.314731455
          0,           0,          70,      -3.892436048,      -3.254897308,      -3.241851436,      -3.345310406,      -3.570079084,       3.397516895
          0,           0,          71,      -3.905275742,      -3.265854861,        -3.2765873,      -3.353946495,      -3.495550793,       3.271267521
          0,           0,          72,      -3.931774075,       -3.32951498,      -3.286688593,       -3.39501826,      -3.309593574,       3.439086828
          0,           0,          73,      -3.938967731,      -3.311959357,      -3.329496732,      -3.389439231,      -3.026513248,       3.317372117
          0,           0,          74,      -3.927894626,      -3.290243714,      -3.295085392,      -3.398208027,      -2.901636062,       3.417431019
          0,           0,          75,      -3.944156175,      -3.298597462,      -3.323577663,      -3.410864942,      -2.920383397,       3.272628704
          0,           0,          76,      -3.920109037,      -3.319205447,      -3.288189884,      -3.373775495,      -2.941602654,       3.472554784
          0,           0,          77,      -3.907514877,      -3.291978595,      -3.307108103,      -3.351131314,      -2.933545299,       3.314921195
          0,           0,          78,      -3.895293455,      -3.282556971,       -3.27633874,      -3.380120124,      -2.912259226,       3.411268483
          0,           0,          79,      -3.903643174,      -3.293416981,      -3.318760634,      -3.398927143,      -2.860875172,       3.277455378
          0,           0,          80,         -3.946785,      -3.333412496,      -3.305048921,      -3.427291998,      -2.797501738,       3.431862508
          0,           0,          81,      -3.942723931,      -3.303451485,      -3.323006737,      -3.413473652,      -2.762893024,       3.313877905
          0,           0,          82,      -3.916962096,       -3.25170105,      -3.276495806,      -3.373722562,      -2.733384037,        3.40868886
          0,           0,          83,      -3.919277163,      -3.263556654,      -3.295375672,      -3.382674516,      -2.449693316,       3.270666734
          0,           0,          84,      -3.933428489,      -3.312676786,      -3.287511412,      -3.400251405,      -1.934701159,       3.458604776
          0,           0,          85,      -3.935140859,      -3.296247219,      -3.308027392,      -3.387633764,      -1.552771516,       3.327038981
          0,           0,          86,      -3.911798515,       -3.27066179,      -3.291628025,      -3.386827841,       -1.32562299,       3.431413857
          0,           0,          87,      -3.926546218,      -3.276710842,      -3.313944958,      -3.389927171,      -1.073890231,       3.259561495
          0,           0,          88,      -3.933617947,      -3.327892478,      -3.291041387,      -3.426753804,      -1.076721669,       3.455486567
          0,           0,          89,         -3.939975,       -3.30253579,        -3.3069424,      -3.416179249,      -1.049413388,       3.334405256
          0,           0,          90,      -3.915918223,      -3.258170545,      -3.303049731,      -3.389624195,      -1.240304904,       3.437012871
          0,           0,          91,      -3.931514928,      -3.277245488,      -3.326441044,      -3.393513953,        -1.4436142,       3.256633763
          0,           0,          92,      -3.940107519,      -3.340705302,      -3.298223785,      -3.425938027,      -1.461031513,       3.410975937
          0,           0,          93,      -3.953739185,      -3.304873788,      -3.312622212,      -3.428892619,      -1.487849858,       3.347716544
          0,           0,          94,      -3.931631751,      -3.245204128,      -3.307172805,      -3.403979938,      -1.411794277,        3.44564831
          0,           0,          95,       -3.94693991,        -3.2638165,      -3.334116771,      -3.410218087,      -1.375139558,        3.25183302
          0,           0,          96,      -3.985446568,      -3.335162563,      -3.294786402,      -3.467800127,      -1.291293831,       3.469957644
          0,           0,          97,      -3.983481319,      -3.296225722,      -3.315680581,      -3.441986744,      -1.354659528,       3.392339468
          0,           0,          98,      -3.947020366,      -3.204876473,       -3.28275113,      -3.359081036,      -1.378716708,       3.460421507
          0,           0,          99,      -3.954724937,      -3.235098319,      -3.300912742,      -3.381406165,      -1.501973916,       3.278899082
          0,           0,         100,      -4.001367932,        -3.3239484,       -3.27556567,      -3.447281198,      -1.628866811,       3.461959896
          0,           0,         101,      -3.995402497,      -3.278533617,      -3.284923562,      -3.425376517,      -1.706647132,       3.409756474
          0,           0,         102,      -3.960945779,      -3.190243713,      -3.303014543,      -3.349649941,      -1.712093823,       3.472962357
          0,           0,         103,      -3.975814837,      -3.215429218,       -3.29373772,      -3.360066718,      -1.735945472,       3.283354395
          0,           0,         104,      -4.012657888,      -3.327803826,      -3.284181895,      -3.453813361,      -1.753673505,       3.454971222
          0,           0,         105,      -4.006838477,        -3.2775021,       -3.27759927,      -3.425512214,      -1.814714132,       3.403509216
          0,           0,         106,      -3.930536775,      -3.174170297,      -3.230264634,       -3.30233802,      -1.940015125,       3.472541888
          0,           0,         107,      -3.922210394,      -3.193879661,      -3.214202972,      -3.288851862,      -2.031570179,       3.304945519
          0,           0,         108,      -3.968793548,       -3.29462483,      -3.217069715,      -3.359356142,      -2.096626424,       3.465428302
          0,           0,         109,      -3.977039278,      -3.247043529,      -3.223034188,      -3.355929186,      -2.092368553,       3.427394269
          0,           0,         110,      -3.917786378,      -3.154360838,      -3.208113242,      -3.276587873,      -2.054862412,       3.513552783
          0,           0,         111,      -3.935857968,      -3.185956759,      -3.203320769,      -3.277583959,      -2.007291296,       3.313467721
          0,           0,         112,      -3.976569425,      -3.306145853,      -3.218287083,      -3.373378416,      -1.950199947,       3.475669515
          0,           0,         113,       -3.99094548,      -3.256026257,      -3.220090524,      -3.362618182,      -1.948210835,       3.441606855
          0,           0,         114,      -3.927556226,      -3.151771866,      -3.188384629,      -3.266354655,      -1.998945847,       3.504381951
          0,           0,         115,      -3.949305093,      -3.184987858,      -3.193049376,      -3.282410729,      -2.028843856,       3.339844586
          0,           0,         116,      -3.991714466,      -3.303292798,      -3.216087664,       -3.37676834,      -2.081223063,       3.487872125
          0,           0,         117,      -3.985865114,      -3.249723362,      -3.211437893,      -3.353577643,      -2.080526558,       3.487685669
          0,           0,         118,      -3.933284723,      -3.152379376,      -3.187790282,      -3.258268325,      -2.077503047,       3.540782622
          0,           0,         119,      -3.938023818,      -3.180119867,      -3.187726754,      -3.264595513,      -2.154647725,       3.354460538
          0,           0,         120,      -3.969027872,      -3.294693484,      -3.200835175,      -3.355848756,      -2.155499931,       3.481196644
          0,           0,         121,       -3.93459851,      -3.185420517,      -3.197411486,      -3.359034323,      -2.165456848,       3.532083235
          0,           0,         122,      -3.914745213,       -3.11984931,      -3.180361522,      -3.262562804,      -2.120100291,       3.553001113
          0,           0,         123,      -3.928197341,      -3.164378166,      -3.185310401,      -3.271064521,      -2.091285683,        3.37214337
          0,           0,         124,      -3.959188699,       -3.33089851,      -3.193359741,      -3.338236397,      -2.123531674,       3.478025563
          0,           0,         125,      -3.903585488,      -3.126605291,      -3.160790512,      -3.221220106,      -2.068437417,       3.602028222
          0,           0,         126,      -3.870589972,      -3.074853094,      -3.157635117,      -3.199965576,      -2.071617558,       3.582025663
          0,           0,         127,      -3.915461718,      -3.145899539,      -3.191186996,      -3.260554769,      -2.109973696,       3.404759656
          0,           0,         128,      -3.970403866,      -3.353234026,      -3.196816357,      -3.357002148,      -2.070590345,         3.4875348
          0,           0,         129,      -3.963808544,      -3.243906895,      -3.207788046,      -3.304369731,      -2.116632507,       3.639704242
          0,           0,         130,       -3.93844367,      -3.107381377,        -3.1957368,      -3.240220359,      -2.173486951,       3.572050335
          0,           0,         131,      -3.952656885,      -3.183778611,      -3.206432595,        -3.2644685,      -2.183819348,       3.426587171
          0,           0,         132,      -3.994706993,      -3.352422244,      -3.227276833,      -3.373659617,        -2.1800393,       3.483051003
          0,           0,         133,       -3.96126009,      -3.201591502,      -3.249643904,      -3.355539165,      -2.215680514,        3.64289171
          0,           0,         134,      -3.957727033,      -3.121495864,      -3.240897895,      -3.275262322,      -2.223348066,       3.537912067
          0,           0,         135,      -3.953399439,      -3.188901708,      -3.201426898,       -3.25873463,      -2.156441867,       3.422699021
          0,           0,         136,       -3.97857854,      -3.370949499,      -3.225542587,      -3.331344237,      -2.043965044,       3.467214462
          0,           0,         137,      -4.000247615,      -3.298558844,       -3.26079041,      -3.335216413,      -1.923586708,       3.604769816
          0,           0,         138,      -3.993820566,      -3.141856526,      -3.249088797,      -3.287010842,      -2.054554254,       3.522135006
          0,           0,         139,      -3.965345114,      -3.175753321,      -3.208132931,      -3.302108044,      -2.178583327,       3.425226081
          0,           0,         140,      -4.006569879,      -3.374376487,      -3.219753944,      -3.410233144,      -2.231733258,        3.49768032
          0,           0,         141,      -4.045958336,      -3.335576017,      -3.263713979,       -3.39838839,      -2.242631671,       3.681364875
          0,           0,         142,      -4.003484403,      -3.140255392,       -3.22737606,      -3.287162484,      -2.382408951,       3.510642842
          0,           0,         143,       -3.96596466,      -3.189164981,      -3.205975805,      -3.325279521,      -2.383281612,       3.416468275
          0,           0,         144,      -4.032563908,       -3.43508285,      -3.225958944,      -3.446895011,      -2.404602155,       3.517136955
          0,           0,         145,      -4.067984928,       -3.32928665,      -3.231882552,      -3.407099269,      -2.365445729,       3.656642501
          0,           0,         146,      -3.985687527,      -3.113354909,      -3.204978409,      -3.276746101,       -2.29761146,       3.497486494
          0,           0,         147,      -3.964391166,      -3.160810236,      -3.148474403,       -3.30138664,      -2.218033729,       3.408610427
          0,           0,         148,      -4.018106955,      -3.393382638,      -3.187184416,      -3.419538976,      -2.293090727,       3.519828495
          0,           0,         149,      -4.101781306,      -3.326747705,      -3.220733854,      -3.378451879,      -2.203477029,        3.69055232
          0,           0,         150,      -4.038269527,      -3.104124319,      -3.144976447,      -3.284081416,      -2.130077726,       3.482728636
          0,           0,         151,      -3.976302185,      -3.144926918,      -3.162902929,      -3.274629858,      -2.145134365,        3.39653845
          0,           0,         152,      -4.022596128,      -3.361731158,      -3.167084407,      -3.394573053,      -2.046650266,       3.478957635
          0,           0,         153,      -4.040625556,      -3.273901611,      -3.153869308,      -3.344863145,      -1.952357826,       3.658199689
          0,           0,         154,      -3.941373838,      -3.023269849,      -3.066837992,      -3.181939653,      -1.971319078,       3.452820963
          0,           0,         155,      -3.924081743,       -3.05780989,      -3.084200794,      -3.198626847,      -1.927064288,       3.374192375
          0,           0,         156,      -4.071402276,      -3.257014858,      -3.134489808,      -3.263110766,      -1.908404549,       3.460562262
          0,           0,         157,      -3.976107701,      -3.016376901,      -3.100990523,      -2.864153573,      -1.871139661,       3.608938133
          0,           0,         158,      -3.891778455,      -2.852021034,      -3.049001663,       -2.79438008,      -1.845589671,       3.438859799
          0,           0,         159,       -3.98225471,      -2.943885492,      -3.081438645,       -3.05669305,      -1.813721788,       3.333744951
          0,           0,         160,       -4.06998692,      -3.152773216,      -3.093006313,      -3.174408474,      -1.749652464,       3.440082367
          0,           0,         161,      -4.136345436,      -3.081567394,       -3.07426977,      -3.100654742,      -1.719307263,        3.57029243
          0,           0,         162,      -3.820248067,       -2.73591099,      -3.028948475,      -2.561614209,       -1.73123676,       3.434856923
          0,           0,         163,      -3.804645029,      -2.813348754,       -3.01808264,      -2.655037263,       -1.73257139,       3.325454228
          0,           0,         164,      -4.134910037,      -3.099605865,      -3.064816204,      -3.129538268,      -1.757455882,       3.458621446
          0,           0,         165,      -4.074816221,      -3.083761745,      -3.072663466,      -3.122376804,      -1.786930859,       3.577754234
          0,           0,         166,      -4.036296928,      -2.878171898,       -3.05078931,      -2.953801163,       -1.79166403,       3.428004416
          0,           0,         167,      -3.697363601,      -2.635098338,      -2.881148304,      -2.280189632,      -1.776469575,       3.345302103
          0,           0,         168,      -3.689836552,      -2.757440994,      -2.884462621,      -2.404949107,      -1.753453698,       3.425165152
          0,           0,         169,      -4.058007631,      -2.995116685,      -3.038826226,      -2.888669307,      -1.725584987,       3.574647126
          0,           0,         170,      -4.001426422,      -2.886655837,      -3.033239951,      -2.980177672,      -1.728592018,       3.433561788
          0,           0,         171,      -4.066977566,      -2.947836674,      -3.062103458,      -2.974447762,      -1.714201144,       3.363892607
          0,           0,         172,       -3.66649262,      -2.601163616,      -2.849260893,      -2.215392235,      -1.678179734,       3.421248744
          0,           0,         173,       -3.62743759,       -2.64841086,      -2.814371612,      -2.265915828,      -1.637506291,       3.544356529
          0,           0,         174,       -3.97489789,      -2.875086121,      -2.990799317,      -2.830283449,      -1.630198983,       3.469437075
          0,           0,         175,      -3.629661726,      -2.550148401,        -2.9117773,      -2.231229221,      -1.600000258,       3.394679407
          0,           0,         176,      -3.635332858,      -2.627288543,      -2.859605516,      -2.251367034,      -1.521085045,       3.419360881
          0,           0,         177,      -3.827029178,      -2.904501434,      -3.024875135,      -2.716066609,      -1.478011248,       3.611320063
          0,           0,         178,      -3.808004375,      -2.761027201,      -3.067120159,      -2.597060033,      -1.561865888,       3.409964186
          0,           0,         179,      -3.742097779,      -2.726022698,      -2.978227037,      -2.388027699,      -1.660768071,       3.364366831
          0,           0,         180,      -3.683784126,      -2.724228605,      -2.938317521,      -2.378534853,       -1.76623705,       3.398475628
          0,           0,         181,      -3.651046335,      -2.724349343,       -2.94500803,      -2.413023549,      -1.853344888,       3.536656772
          0,           0,         182,      -3.608469402,      -2.627240238,      -2.900417897,      -2.331733701,      -1.858922081,       3.398822842
          0,           0,         183,      -3.617268796,      -2.694990749,      -2.879449506,      -2.362287962,      -1.947851378,        3.37579069
          0,           0,         184,      -3.592352272,      -2.665101393,      -2.899374608,      -2.352060466,      -1.977216065,       3.413714087
          0,           0,         185,      -3.631485188,      -2.768754697,      -2.912915802,      -2.428647511,      -1.997942272,       3.404241387
          0,           0,         186,      -3.598646103,      -2.710711794,      -2.925291312,      -2.396456211,      -1.992990938,       3.394702528
          0,           0,         187,      -3.608607305,      -2.800218291,      -2.872514463,      -2.418533274,      -2.004367445,       3.312050441
          0,           0,         188,      -3.623053416,      -2.782126932,      -2.959965346,      -2.434435579,      -2.034490282,       3.423592561
          0,           0,         189,       -3.63517366,      -2.857250748,      -2.965825311,      -2.480526627,      -2.035421806,       3.392818743
          0,           0,         190,      -3.615111601,      -2.795584803,      -3.009699214,      -2.476860833,      -2.060583362,       3.425453966
          0,           0,         191,      -3.629667974,      -2.863019334,      -2.972251665,      -2.493238587,      -2.052788635,       3.299218157
          0,           0,         192,      -3.654858566,      -2.858797772,      -3.051660197,      -2.520258229,      -2.047445049,       3.446712549
          0,           0,         193,      -3.666450747,      -2.895376151,      -3.040140529,      -2.541815112,      -2.045992141,       3.358488915
          0,           0,         194,      -3.655063214,      -2.834898445,      -3.066025339,      -2.525790051,      -2.040025698,       3.423110144
          0,           0,         195,      -3.665897585,      -2.871657023,      -3.017623205,      -2.532246286,      -2.051608822,       3.285765351
          0,           0,         196,      -3.679623979,      -2.871791107,      -3.034398071,      -2.520817374,      -2.073485483,        3.46392168
          0,           0,         197,      -3.674233681,      -2.895636811,      -2.991459721,      -2.523487848,        -2.0862415,        3.35529386
          0,           0,         198,      -3.663301316,      -2.827594691,      -3.029474741,      -2.520440871,      -2.072726707,       3.445364053
          0,           0,         199,      -3.668688748,      -2.833007429,      -2.965375612,      -2.498338615,      -1.990431146,       3.293969891
          0,           0,         200,      -3.689497698,      -2.823568452,      -2.967814032,      -2.474415606,      -2.005945293,       3.460460696
          0,           0,         201,      -3.670705581,      -2.822783475,      -2.930012841,       -2.46341287,      -2.046082071,       3.330506893
          0,           0,         202,       -3.66396223,      -2.762356567,       -2.97701065,      -2.476779485,      -2.047265391,       3.431932661
          0,           0,         203,       -3.66139437,       -2.79661656,      -2.964680003,      -2.491936551,       -1.96456658,       3.282683536
          0,           0,         204,      -3.662991703,       -2.80853544,       -2.92390319,      -2.455098232,      -1.974174988,       3.463857013
          0,           0,         205,      -3.657395978,      -2.841935812,      -2.865079423,      -2.441513262,      -2.081976667,       3.332265645
          0,           0,         206,      -3.694030555,      -2.772332586,      -2.948625949,       -2.50410455,      -2.072761844,       3.443014212
          0,           0,         207,      -3.691369141,      -2.742311879,      -2.942945823,      -2.471925405,      -1.906334832,       3.297609417
          0,           0,         208,       -3.67417467,       -2.75393916,      -2.865134527,      -2.400748887,      -1.936418405,       3.477392842
          0,           0,         209,      -3.657895026,      -2.793628152,      -2.817092921,      -2.396843996,      -2.085249534,        3.34536975
          0,           0,         210,      -3.744156946,      -2.783001249,      -3.012902292,      -2.628720988,      -2.129564456,       3.464432171
          0,           0,         211,      -3.907244578,      -2.850379767,      -3.117478446,      -2.825771664,      -2.225062429,       3.317550359
          0,           0,         212,      -3.721664651,      -2.717984643,      -2.955840358,      -2.407469567,       -2.24269597,       3.482133427
          0,           0,         213,      -3.732089686,      -2.696251867,      -2.758002905,      -2.376927632,      -2.227404354,       3.361676102
          0,           0,         214,      -3.770932222,       -2.62652013,       -2.82873276,      -2.430959355,      -2.185043115,       3.494928258
          0,           0,         215,      -3.790580129,      -2.593598155,      -2.917251296,      -2.416210717,      -2.192201182,       3.345592663
          0,           0,         216,      -4.010591606,      -2.738436375,      -2.962798856,      -2.716332443,      -2.231382303,        3.51792854
          0,           0,         217,      -3.770524457,      -2.580089592,      -2.825260467,      -2.277493958,      -2.266834279,       3.378371379
          0,           0,         218,      -3.729271283,      -2.615872491,      -2.706815204,       -2.30447201,      -2.317135068,        3.51281898
          0,           0,         219,      -3.798535673,      -2.644948575,      -2.901309781,       -2.51164688,      -2.330667914,       3.366870212
          0,           0,         220,      -3.822161234,      -2.697240968,      -3.033356823,      -2.538024067,      -2.327293906,       3.562399891
          0,           0,         221,      -3.816105009,      -2.699411586,      -3.018542466,      -2.639054794,      -2.305556125,       3.415104978
          0,           0,         222,      -3.819154368,      -2.668850599,       -3.03599737,      -2.574053811,      -2.421506675,       3.550795547
          0,           0,         223,      -3.790329637,      -2.631203083,      -2.981353041,      -2.402491359,      -2.393651428,       3.406679762
          0,           0,         224,      -3.783208209,      -2.667072562,      -2.871651323,      -2.350337993,      -2.469895311,       3.582061832
          0,           0,         225,      -3.707030895,      -2.678165395,       -2.73819637,       -2.26965849,      -2.397207498,       3.442896632
          0,           0,         226,      -3.675245821,      -2.604773097,      -2.623018502,      -2.249658763,      -2.431173055,       3.573347305
          0,           0,         227,      -3.708824723,      -2.608612738,      -2.763514057,      -2.376900553,       -2.51450407,       3.421244451
          0,           0,         228,      -3.793214583,      -2.664954502,      -2.929625155,      -2.421787613,      -2.474361338,         3.6125662
          0,           0,         229,      -3.717386662,      -2.638765604,      -3.000566337,      -2.549608949,      -2.434191763,       3.454494778
          0,           0,         230,      -3.710363509,      -2.598494784,       -2.97088798,      -2.474620217,      -2.454515141,       3.595706658
          0,           0,         231,      -3.701991124,      -2.555713681,      -2.971848729,      -2.367048933,      -2.267693563,       3.460631648
          0,           0,         232,      -3.688720702,       -2.57293177,       -2.92904549,      -2.357018629,      -2.382796466,       3.620193802
          0,           0,         233,      -3.840632074,      -2.859467957,      -2.892793154,      -2.640638718,      -2.527750178,       3.493057763
          0,           0,         234,      -3.604600914,      -2.614132018,      -2.635504703,      -2.134920775,      -2.205087902,        3.60802302
          0,           0,         235,      -3.612779673,      -2.591926252,      -2.503296051,      -2.190376353,      -2.282083279,       3.474760536
          0,           0,         236,       -3.65249877,      -2.589120082,      -2.663317789,      -2.277563892,      -2.305316705,       3.646188409
          0,           0,         237,      -3.684317518,      -2.597387753,      -2.847414353,      -2.312987147,      -2.291464931,       3.499874746
          0,           0,         238,       -3.68934902,      -2.786697803,      -2.775969228,      -2.631994795,      -2.506841699,       3.647131641
          0,           0,         239,      -3.519440834,      -2.568642485,      -2.506104853,       -2.05514305,      -1.825483567,       3.463896301
          0,           0,         240,       -3.50845718,      -2.504493315,      -2.449979379,      -2.077396247,      -2.090637948,       3.658918515
          0,           0,         241,      -3.602942557,      -2.595972234,      -2.627567045,      -2.290947235,      -2.201714335,       3.475889812
          0,           0,         242,      -3.625589585,      -2.552697175,      -2.770747759,      -2.295660794,      -2.142167863,       3.598534566
          0,           0,         243,      -3.551900788,      -2.656031336,      -2.543953629,      -2.518105035,      -2.324994797,       3.411340958
          0,           0,         244,      -3.527104395,      -2.586384099,      -2.605242202,      -2.470844054,      -2.233831449,       3.609306691
          0,           0,         245,      -3.429463683,      -2.322940742,      -2.743716686,      -1.992803266,      -1.504749893,       3.482513831
          0,           0,         246,      -3.379244499,      -2.377645675,      -2.433496999,      -1.982475458,      -2.068019929,       3.649525514
          0,           0,         247,      -3.458797829,      -2.501984271,      -2.428061689,      -2.107157123,      -1.750841024,       3.378710774
          0,           0,         248,      -3.480975649,      -2.427593531,      -2.578129324,      -2.045735698,      -1.892756476,       3.623863991
          0,           0,         249,      -3.358007639,      -2.210241909,      -2.668220496,      -1.954628439,      -1.287978681,       3.515790365
          0,           0,         250,      -3.338756844,      -2.156214881,      -2.405030085,      -1.889797654,      -1.704005478,       3.597464935
          0,           0,         251,      -3.532372175,      -2.527488568,       -2.09373174,      -2.170335787,       -2.37499995,       3.415348746
          0,           0,         252,      -3.012988211,       -1.84277086,      -1.816137915,      -1.301268153,     -0.8848170108,       3.554370334
          0,           0,         253,      -3.036312869,      -1.808516886,      -1.752163967,      -1.357765653,      -1.389574167,       3.444352611
          0,           0,         254,      -3.446641851,      -2.219392564,      -1.955379326,      -1.906258632,      -1.654692381,       3.578989562
          0,           0,         255,      -3.199438527,      -1.869765787,       -2.35478082,      -1.673042525,      -0.961389966,       3.393840601
          0,           0,         256,      -3.299290734,      -1.898178492,       -2.01338864,      -1.531778412,      -1.694055953,       3.533752721
          0,           0,         257,       -2.89419321,      -1.584140909,      -1.560593327,      -1.044102221,     -0.6390129273,       3.473919688
          0,           0,         258,      -2.902979576,      -1.520426205,      -1.453721672,      -1.072837584,      -1.129348276,        3.54380557
          0,           0,         259,      -3.324190843,      -2.016522119,       -1.70240837,      -1.685416829,      -1.545475521,       3.340608202
          0,           0,         260,      -3.010939443,       -1.51251523,      -2.052275067,      -1.230346327,     -0.7917265257,       3.428215647
          0,           0,         261,      -2.977643345,      -1.466167019,      -1.656825433,      -1.100216675,       -1.48335141,       3.440031481
          0,           0,         262,      -2.751745662,      -1.435635349,      -1.331612477,     -0.8728455392,     -0.5301191288,       3.471078148
          0,           0,         263,      -2.744737263,      -1.329914163,      -1.321514452,       -0.91921416,      -1.017416735,       3.328870578
          0,           0,         264,      -2.885943734,      -1.548247736,      -1.506876206,       -1.28437102,     -0.7514519789,       3.378239088
          0,           0,         265,      -2.990329059,      -1.504055182,      -1.666585177,      -1.221886342,      -1.112556134,       3.376389796
          0,           0,         266,      -2.859478708,      -1.427898442,      -1.435775082,       -1.03312027,     -0.4430067671,       3.464010593
          0,           0,         267,      -2.756677738,      -1.304351907,      -1.417166313,     -0.9724129819,     -0.9737207879,       3.291151233
          0,           0,         268,      -2.772014191,      -1.408327178,      -1.476134325,      -1.120292516,     -0.4784744873,        3.39019798
          0,           0,         269,      -2.791196747,      -1.286628772,      -1.414953057,     -0.9906004707,      -1.053058424,       3.376165007
          0,           0,         270,      -2.813237117,      -1.390532628,      -1.484843644,      -1.027430554,     -0.4935435363,       3.425230975
          0,           0,         271,      -2.743362936,      -1.274488137,      -1.376850831,     -0.9209647659,      -1.042954677,       3.373306918
          0,           0,         272,      -2.727434758,      -1.313179771,      -1.369724207,     -0.9273570488,     -0.4631034281,       3.318588594
          0,           0,         273,      -2.703057498,      -1.161583691,      -1.302830477,     -0.8277071404,      -1.001249605,       3.510010466
          0,           0,         274,      -2.688167447,       -1.22454771,       -1.39480004,     -0.8897864947,     -0.3907527966,       3.280086394
          0,           0,         275,      -2.659730904,      -1.096497825,      -1.275031592,     -0.7784371035,     -0.9681344332,       3.515279814
          0,           0,         276,       -2.65143732,      -1.219179722,      -1.306160891,     -0.7774039247,     -0.2787966793,       3.280727702
          0,           0,         277,      -2.707468915,      -1.291510518,      -1.339982214,     -0.8830865253,     -0.7713151618,       3.260640498
          0,           0,         278,      -3.183205412,      -1.610138413,      -1.600734431,      -1.301155472,      -1.189561335,       3.313158967
          0,           0,         279,      -2.714721071,      -1.159740224,      -1.278562917,     -0.7041226304,     -0.2260644772,       3.520964641
          0,           0,         280,      -2.717778952,      -1.115378914,      -1.296054218,     -0.7176331785,     -0.7162487806,       3.505405041
          0,           0,         281,      -3.337057938,      -1.660297568,      -1.552500801,      -1.337501922,       -1.36282897,        3.50306494
          0,           0,         282,      -2.691189786,      -1.018012126,      -1.348416445,     -0.6110522238,     -0.1390606183,       3.500545574
          0,           0,         283,      -2.678760357,     -0.9647633847,      -1.340767263,     -0.5906471707,     -0.5569873812,       3.382399244
          0,           0,         284,      -3.102117374,      -1.570725118,      -1.359689629,      -1.328583557,     -0.8822958727,       3.364064489
          0,           0,         285,      -2.742280173,      -1.010400724,      -1.184072705,     -0.6083895592,      -0.079478478,       3.349711587
          0,           0,         286,      -2.647371666,     -0.9310124304,      -1.126338036,     -0.5483102817,     -0.5228104629,       3.439640341
          0,           0,         287,      -2.603273179,      -0.944212443,      -1.084849015,     -0.5567718368,     0.03640713617,       3.393713912
          0,           0,         288,      -2.567729961,     -0.8468769965,     -0.9797786074,     -0.4695471756,     -0.4185532091,       3.509100043
          0,           0,         289,      -2.502798502,     -0.8762812557,     -0.9415810775,     -0.4324720194,      0.1787241863,       3.363216824
          0,           0,         290,      -2.509798697,      -0.800281878,     -0.8707415259,     -0.3975795581,     -0.3200781247,       3.373339133
          0,           0,         291,       -2.87226697,      -1.123261034,      -1.185738639,     -0.8360926793,     -0.6876153213,        3.45844871
          0,           0,         292,      -2.523808916,      -0.727374488,     -0.9626486747,     -0.3773379775,      0.3843761671,       3.280660742
          0,           0,         293,      -2.495815519,     -0.7104139969,     -0.9413371327,      -0.343668972,    -0.07701512419,       3.223353388
          0,           0,         294,       -3.14760808,      -1.303074012,      -1.488395081,      -0.954547546,     -0.7308738564,       3.194715235
          0,           0,         295,      -2.476458935,     -0.6385476161,     -0.9599098015,     -0.1894077372,      0.5347585823,       3.151347478
          0,           0,         296,      -2.466468908,     -0.5811951434,      -0.923240584,     -0.1909206453,      0.1150534103,        3.18193984
          0,           0,         297,      -2.932135538,      -1.289973507,     -0.9895334845,     -0.9583505802,     -0.3151549323,       3.182596906
          0,           0,         298,      -2.538090524,     -0.6326217039,     -0.7307958116,     -0.1826786305,      0.6627003152,       3.156928374
          0,           0,         299,      -2.439292533,      -0.522945702,     -0.6838001033,     -0.1327693742,      0.2211067401,       3.322718389
          0,           0,         300,      -2.400056552,     -0.5351982231,     -0.6479815682,     -0.1564726528,      0.7623958522,       3.159926576
          0,           0,         301,      -2.367353911,      -0.443097729,     -0.5230622254,    -0.06721232401,      0.2444953462,       3.246560827
          0,           0,         302,      -2.302049392,     -0.4741252669,     -0.5130364397,    -0.01726217299,      0.9015624893,       3.125625879
          0,           0,         303,      -2.309047334,     -0.4073033796,     -0.5163349523,     0.00763062227,      0.4846021752,       3.018662138
          0,           0,         304,      -2.321582445,     -0.4783599998,      -0.532657594,    -0.07275928785,      0.9037253681,       2.930042055
          0,           0,         305,      -2.316851137,     -0.3575595398,     -0.3567473828,     0.01293254889,       0.307704393,        2.83077324
          0,           0,         306,       -2.24131339,     -0.3412763039,       -0.34113674,      0.1150432702,       1.181322362,       2.807293244
          0,           0,         307,      -2.208743875,     -0.2834953344,     -0.3044632105,      0.1408372338,      0.7009004735,       2.837567305
          0,           0,         308,      -2.555461007,     -0.5713567738,     -0.6223733094,     -0.3084473019,      0.2797043881,        3.16634207
          0,           0,         309,       -2.27505292,     -0.2305273996,     -0.5087251571,      0.1344786856,       1.236091027,        2.90700299
          0,           0,         310,      -2.250297442,     -0.2018703266,     -0.4664308847,      0.1656693744,      0.7346242274,        3.20551531
          0,           0,         311,      -2.910328278,     -0.7642429431,     -0.9859639533,     -0.4423221545,     0.04349139732,       3.018269076
          0,           0,         312,      -2.251314757,     -0.1142356115,     -0.4830673759,      0.2976423408,       1.286054093,       3.092932268
          0,           0,         313,      -2.201903209,    -0.05414226628,     -0.4272232731,      0.3240028488,      0.8512712908,       3.010289358
          0,           0,         314,      -2.637270739,     -0.6639250718,     -0.4760722729,     -0.4402782054,      0.4947284201,       2.923520604
          0,           0,         315,      -2.213819755,    -0.08301968326,     -0.1811273002,       0.413398005,        1.46116851,       2.877896996
          0,           0,         316,      -2.146784314,     0.01676788169,     -0.1725828669,      0.4182083828,       1.053479506,       2.986613288
          0,           0,         317,      -2.422771238,     -0.4934622047,     -0.2681572414,     -0.2254576772,      0.8204265054,       2.879137332
          0,           0,         318,      -2.553467748,     -0.4327045309,     -0.1271361874,     -0.3331374428,      0.6076046184,       2.774265265
          0,           0,         319,      -2.453478512,     -0.3805251406,    0.001989630942,     -0.2291487139,       1.262597407,       2.928594453
          0,           0,         320,      -2.365800509,    -0.08974776421,       0.125268068,      0.1394167768,       1.166238512,       2.841939046
          0,           0,         321,      -2.242312051,    -0.03842297994,      0.1989756159,      0.1532318316,       1.069013752,       3.083110835
          0,           0,         322,      -2.243080872,     -0.0245547992,      0.2493297389,     0.08371339791,       1.299732048,       2.881882084
          0,           0,         323,      -2.258440788,    -0.03456084275,      0.2523871462,     0.09262856747,       1.566036701,       2.896306939
          0,           0,         324,      -2.283951016,    -0.03948093479,      0.2954031718,     0.05321421462,       1.545579832,       2.772839554
          0,           0,         325,      -2.311504975,      -0.107581827,      0.2090003635,    -0.05119518648,       1.694111845,        2.69667256
          0,           0,         326,      -2.341679411,    -0.09724486755,      0.3041485921,    0.008293226066,       1.424825538,       2.638449743
          0,           0,         327,      -2.196841208,     0.06801718222,      0.4719671279,      0.1908148416,       2.032518316,       2.713877054
          0,           0,         328,      -2.130169776,      0.2072074867,      0.5190590404,      0.2442416531,        1.95706017,       2.569929075
          0,           0,         329,      -2.574553759,     -0.1363829577,     0.05651869903,    -0.05029340724,         2.0771831,       2.510143725
          0,           0,         330,      -2.683254972,     -0.1436239244,     -0.3278327611,     -0.2366758339,       1.896545431,       2.625943801
          0,           0,         331,      -2.630982301,     -0.1348343871,     -0.4398732767,     -0.3390718638,       1.695739965,       2.569176424
          0,           0,         332,      -2.713054599,     -0.1806281086,     -0.4054337896,     -0.2774904591,       1.549886317,       2.743770462
          0,           0,         333,      -2.508938306,      0.0666815058,     -0.4160614328,     0.06511153142,       1.580080064,         2.5945237
          0,           0,         334,      -2.625873206,        0.08023437,    -0.03302639415,     0.06559122467,       1.312267353,       2.548228477
          0,           0,         335,      -2.489139484,      0.0989123633,      0.2471430489,      0.1248877358,       1.215706776,       2.595420628
          0,           0,         336,      -2.065747586,      0.2977876382,      0.7063699229,      0.2241995951,       2.294138085,       2.633948056
          0,           0,         337,      -2.043345524,      0.3648252103,       0.754050053,      0.5305236177,       1.535119918,       2.480730905
          0,           0,         338,      -2.067358188,      0.4078470555,      0.6967244559,      0.5420737714,       2.035333415,       2.612556043
          0,           0,         339,      -1.876186432,      0.6526011231,      0.8233838149,       1.073899194,       2.799791843,       2.950056556
          0,           0,         340,      -1.892295172,      0.6483937307,      0.6492857785,       1.027748175,       2.598712501,       2.724644644
          0,           0,         341,      -2.136500471,      0.4359511487,      0.2938953887,      0.6488832086,       2.316148164,       2.546703385
          0,           0,         342,       -2.14911032,      0.3967207798,      0.1751128736,      0.4397958858,       1.210305274,       2.493554647
          0,           0,         343,      -2.318167995,        0.36920353,      0.4013760698,      0.5199891587,       1.519552852,       2.338716614
          0,           0,         344,      -2.227870588,      0.3679808338,      0.5145212477,      0.7164615897,        1.92546338,       2.527435875
          0,           0,         345,      -2.219039424,      0.4100525541,       0.517842615,      0.6881669239,       1.929327304,       2.406380705
          0,           0,         346,      -2.345485953,      0.2017951405,      0.4408408689,      0.2241402109,       1.688762229,       2.613600748
          0,           0,         347,      -2.324483745,      0.2018246031,      0.5045953282,      0.3507474179,       1.930871804,       2.422158753
          0,           0,         348,      -2.034363441,      0.6205645507,      0.7116781044,        1.11375112,       2.913350971,       2.925426849
          0,           0,         349,      -1.939820231,      0.7814686775,      0.8262434982,       1.087402925,       2.339947614,       2.390245307
          0,           0,         350,      -1.936997998,      0.7518166285,      0.8874042397,       1.064284773,       2.686150112,       2.686906959
          0,           0,         351,      -1.876714707,      0.6849509901,      0.9761012402,       1.083393243,       1.936291544,       2.417196901
          0,           0,         352,      -1.755451713,      0.8533740641,       1.037492835,       1.371793935,       3.311445611,       3.194982156
          0,           0,         353,      -1.808785988,      0.8892741161,      0.9114372284,       1.329343964,       3.057219638,       2.940261294
          0,           0,         354,      -1.841513002,      0.7882945707,      0.9490046594,       1.159141962,       2.558805005,        2.36636501
          0,           0,         355,      -1.591981849,      0.8984970307,       1.421789139,       1.239675113,       3.631109974,       3.403848758
          0,           0,         356,      -1.355151712,       1.367257327,       1.592488894,       1.923626283,        3.98980306,       3.889218544
          0,           0,         357,       -1.49700968,       1.268630087,       1.156624426,       1.688265442,        3.76483809,       3.565622586
          0,           0,         358,      -1.859962652,      0.8954434792,      0.8055457498,       1.231579643,       3.449950842,       3.330048361
          0,           0,         359,      -2.343700463,      0.7430610521,      0.6760906208,      0.9984393825,        3.06377375,       2.993681815
          0,           0,         360,       -1.94880339,       1.024226951,      0.6740417074,       1.250218282,       2.936211358,       2.466312259
          0,           0,         361,      -1.990779517,       1.010338126,        1.00707988,       1.240874145,       2.908227889,       2.713783806
          0,           0,         362,      -2.163514462,      0.7129046291,      0.8856523553,      0.7887285757,       2.569137051,       2.541164191
          0,           0,         363,      -2.220876386,      0.7483459243,      0.5617682869,       0.748403372,       2.210391847,       2.200000382
          0,           0,         364,      -2.165308289,      0.8448004206,      0.4279325889,      0.8637359173,       1.918615213,       2.185930049
          0,           0,         365,      -2.263489312,       0.827368807,      0.4628095178,      0.8097369437,       2.259647491,       2.163482114
          0,           0,         366,      -2.320978387,      0.8244269775,      0.4695966347,      0.8418577921,       1.748556355,       2.230228118
          0,           0,         367,      -2.302991967,      0.8602788119,      0.7795469412,      0.7807071059,       2.337696317,       2.272168849
          0,           0,         368,      -2.182324834,       0.896190521,      0.9847116498,      0.8061419471,       2.789069658,       2.520786545
          0,           0,         369,      -1.976537112,       1.094533362,      0.9799974564,       1.086846092,        2.67202527,       2.495815817
          0,           0,         370,      -2.024957099,       1.100328022,      0.9117255434,       1.153452718,       2.033572619,       2.320329314
          0,           0,         371,      -2.084378768,        1.08601955,       1.063674275,       1.153602532,       2.927514499,       2.732480772
          0,           0,         372,      -2.048974046,       1.093019323,      0.8674311234,       1.199148491,       2.846236693,        2.74516946
          0,           0,         373,      -2.031522374,       1.193462656,       1.163501699,       1.263836198,       2.472717273,       2.675589168
          0,           0,         374,      -2.061921001,       1.116149855,       1.145767604,       1.208191846,       2.723727887,       2.862054626
          0,           0,         375,      -2.072049889,       1.114260804,       1.068372798,       1.170450583,       2.881613126,       2.772591858
          0,           0,         376,      -2.049373901,       1.000270966,       1.005200942,       1.160150159,       2.812633398,       2.804643029
          0,           0,         377,      -2.081456483,      0.9947054977,       0.960097208,       1.138384045,       2.896842741,       2.753686904
          0,           0,         378,      -2.149532121,      0.8178548859,      0.9215289037,      0.9554439797,       2.271785508,       2.723126693
          0,           0,         379,      -2.107617534,       0.841468406,       1.133871418,       1.129778263,       2.480959727,       2.725956428
          0,           0,         380,      -1.549137495,       1.133969477,       1.664464613,       1.289355571,       3.816792318,       3.574302126
          0,           0,         381,       -1.43957177,       1.433063735,       1.783248896,       1.940946403,       3.746791316,        3.71516013
          0,           0,         382,      -1.230271836,       1.515469765,       1.949971498,        1.92758261,       4.132275516,       3.882780964
          0,           0,         383,       -1.05945414,       1.788917527,        2.07656558,       2.367405993,       4.593944926,       4.244436647
          0,           0,         384,      -1.179832817,       1.811839176,       1.729876157,       2.243838876,       4.751332287,       4.457042332
          0,           0,         385,       -1.48602194,        1.46174583,       1.338483852,       1.810274531,       4.343186422,       4.063794088
          0,           0,         386,      -1.750382507,       1.231184746,       1.394890779,       1.351298401,       3.719294811,       3.529232425
          0,           0,         387,      -1.402917237,       1.361574105,       1.941430271,       1.691856153,       4.096179485,       3.646382128
          0,           0,         388,      -1.179586361,       1.778998172,       2.012908949,        2.33462085,       4.745695129,       4.314571787
          0,           0,         389,      -1.273432229,       1.763969224,        1.66041474,       2.208483071,       4.608411206,       4.157844031
          0,           0,         390,      -1.511355028,       1.478550882,       1.386969152,       1.827823179,       4.129099536,       3.748643555
          0,           0,         391,      -1.651037037,        1.25590734,       1.355810963,       1.543174949,        3.27052184,       3.120367987
          0,           0,         392,      -1.915121603,       1.134547568,       1.349417629,       1.126564056,       3.314488377,       3.176696101
          0,           0,         393,      -1.370416132,       1.390482334,       2.023241619,       1.636810551,       4.364461952,       3.881083206
          0,           0,         394,      -1.082463686,        1.96217076,       2.125595538,       2.547662077,        4.93952542,       4.641381073
          0,           0,         395,      -1.174170707,       1.996141017,       1.875398565,       2.422508549,       4.473240818,       4.090208429
          0,           0,         396,      -1.338523768,       1.739090384,       1.730980255,       2.046059202,       3.744461546,       3.526713141
          0,           0,         397,      -1.400024305,       1.942462831,        1.63623526,       2.249707032,       4.760481765,       4.219579642
          0,           0,         398,      -1.372381028,       1.939265042,       1.959314708,       2.229929129,       4.082391031,       3.485927519
          0,           0,         399,      -1.364532754,       1.778912224,       1.923556544,       1.985176674,       3.869661954,       3.153334698
          0,           0,         400,      -1.080289629,       1.852744273,       2.261462899,        2.12569891,        5.03681045,       4.461290608
          0,           0,         401,     -0.9289876685,       2.131017837,       2.410792647,       2.656129956,       4.983333555,        4.64113017
          0,           0,         402,      -1.057564661,       2.125031229,       1.974803187,       2.529418054,       4.965380484,        4.54967905
          0,           0,         403,      -1.126043316,       1.942622456,       2.034110455,       2.348022311,       4.517875833,       3.745254305
          0,           0,         404,      -1.025084361,       1.953304506,       2.266096501,       2.367169455,       4.237302541,       3.556968934
          0,           0,         405,     -0.9505131752,       2.185268852,        2.32694534,       2.700192219,       5.336483509,       4.610219666
          0,           0,         406,      -1.030264826,       2.207370137,       2.097107251,        2.61604167,       5.256225515,       4.537323644
          0,           0,         407,      -1.385035217,       1.839271537,       1.703466032,       2.168188844,       4.832781605,       4.182323589
          0,           0,         408,      -1.738962564,       1.564022517,       1.624369629,       1.650487746,       4.304640702,       3.740650638
          0,           0,         409,       -2.00180349,       1.439883697,       1.564026937,       1.660950579,       4.016190316,       3.520268515
          0,           0,         410,      -1.771627292,       1.538151466,       1.797954975,       1.976352259,       3.910535678,       3.408798707
          0,           0,         411,      -1.588056066,       1.719423802,       2.023518462,       2.051581725,       3.737052485,       3.259894464
          0,           0,         412,      -1.511288891,       1.683501508,        2.09834795,        2.06003558,       3.777603299,       3.392244024
          0,           0,         413,       -1.48996071,       1.637191012,       2.115017301,       1.999791971,       4.148150427,       3.313649006
          0,           0,         414,      -1.521033222,       1.846554576,       1.974042886,       1.855178999,       4.126603014,       3.239867274
          0,           0,         415,      -1.681263014,       1.683321241,       1.628712261,       1.787955385,       3.948653043,       3.286635703
          0,           0,         416,      -1.840505981,       1.662959564,        1.76041205,        1.76386649,       3.998880823,       3.260648074
          0,           0,         417,      -1.940871159,       1.650002026,       1.539692515,       1.899221767,       4.032173585,       3.298529569
          0,           0,         418,      -1.766121383,       1.656422247,       1.996907768,       1.888449392,       4.207125812,       3.367394852
          0,           0,         419,      -1.639482096,       1.679468103,       2.065172703,       1.739252777,       4.291792411,        3.26613717
          0,           0,         420,      -1.660933538,       1.680590286,       1.944533354,       1.708379437,       4.370392613,       3.458599568
          0,           0,         421,      -1.585904886,       1.890181733,       2.005416646,       1.881214704,       4.208280642,       3.270999629
          0,           0,         422,       -1.68358957,        1.85531402,       1.751644899,       1.985409436,       4.181341498,       3.347508125
          0,           0,         423,       -1.89480907,       1.753952652,       1.876004209,       1.984157805,       4.210550224,       3.395673572
          0,           0,         424,      -1.552197528,       1.676004671,       2.202588016,        2.04345409,       4.275490668,       3.384969008
          0,           0,         425,      -1.359808927,       1.896096596,       2.283635389,       1.935242181,       4.850006531,       3.926119004
          0,           0,         426,      -1.356403057,       2.015610025,       2.216122545,       2.074605695,       4.840075223,       3.832219972
          0,           0,         427,      -1.476531642,       1.901457704,       1.937758495,       2.040158907,       4.409902502,       3.395654844
          0,           0,         428,      -1.673165408,       1.940060959,       1.865633486,       1.937786035,       4.415130223,        3.63732297
          0,           0,         429,      -1.817046054,       1.920715937,       1.687572843,       2.007915269,       4.332789413,       3.595016573
          0,           0,         430,      -1.839356007,       1.834370857,       1.946219493,       2.030357858,        4.44264075,       3.910715661
          0,           0,         431,      -1.736437593,       1.774178289,       2.022533066,       1.769458958,       4.314522673,       3.478749581
          0,           0,         432,      -1.803396177,        1.74250729,       1.804603406,       1.825471825,       4.514214526,        3.50101566
          0,           0,         433,      -1.992290516,       1.740316673,       1.595639868,        1.88381362,       4.206794807,       3.345993217
          0,           0,         434,      -1.968589026,       1.551428392,       1.859340184,       1.717800623,       3.964187626,       3.238601207
          0,           0,         435,      -1.837348103,       1.510878387,       1.944667171,       1.666218173,       4.711699984,       3.635675177
          0,           0,         436,      -1.825829526,        1.78519315,       1.888740943,        1.76555007,        4.28786657,       3.295955138
          0,           0,         437,      -2.051359074,       1.703201911,       1.599799218,       1.836722211,       4.362608647,        3.30053825
          0,           0,         438,      -1.914383004,       1.640982692,        2.03743552,       1.947791773,       4.754298571,       3.651431251
          0,           0,         439,      -1.724392761,       1.848737047,       2.148274282,       1.847065739,        4.36217862,       3.438325478
          0,           0,         440,      -1.626669164,       2.087713553,       2.022712564,       2.154852935,       4.933477087,       3.784863447
          0,           0,         441,      -1.905855978,        2.00059543,       1.674806568,       2.135774248,       4.346499117,         3.4746494
          0,           0,         442,      -1.933327139,       1.852202935,       1.575670318,       1.921881497,       4.359880719,       3.578139654
          0,           0,         443,      -1.810231233,        1.99096945,       2.190975476,       2.320202784,       4.320732794,       3.945826567
          0,           0,         444,      -1.557465926,       2.066351441,       2.450988389,       2.314881167,       5.139539524,       3.986514477
          0,           0,         445,      -1.535579712,        2.16913465,       2.409168602,       2.147958572,        4.70857632,       4.021228693
          0,           0,         446,      -1.657667617,       2.203085828,       1.925260211,       2.364753418,       5.022018735,       4.050497679
          0,           0,         447,      -1.804937124,       2.192272676,       2.098555996,       2.372234119,       5.037740545,       3.994919263
          0,           0,         448,      -1.818089284,       2.073789463,       1.953659392,       2.076182411,       4.708498113,       4.037283928
          0,           0,         449,      -1.835809903,       2.065054165,        2.16476011,       2.328633833,       5.184069776,        4.19097281
          0,           0,         450,      -1.673895278,       2.044823983,       2.387719424,       2.315781193,       5.576339735,       4.366669365
          0,           0,         451,      -1.743554932,       2.163944874,       2.295501141,       2.150235625,       5.450604036,       4.260863492
          0,           0,         452,      -1.724947181,       2.263337938,       1.912108472,       2.429491324,       5.580142606,       4.396737781
          0,           0,         453,      -1.666558478,       2.376528582,       2.069834584,        2.51554739,       5.605826356,       4.413227509
          0,           0,         454,      -1.716682605,       2.304258013,       2.109352417,       2.385972372,       5.696163082,       4.538914342
          0,           0,         455,      -1.685279114,        2.26419271,       2.099588043,       2.410549099,        5.86871545,       4.734912116
          0,           0,         456,      -1.813194253,       2.240588671,       2.161687277,        2.33507988,        6.03670803,       4.943924515
          0,           0,         457,      -1.757663629,       2.206252391,       2.064490255,       2.387533254,       6.106699612,       5.032689652
          0,           0,         458,      -1.788596616,       2.313771808,       2.269100402,       2.427898332,       6.083230677,       5.020975664
          0,           0,         459,      -1.695310087,       2.413979072,       2.200763559,       2.544574098,       6.046726646,       4.958983849
          0,           0,         460,      -1.681776104,        2.43144577,       2.315550576,       2.507870259,        6.01122626,        4.88853674
          0,           0,         461,      -1.570813027,        2.53305045,       2.399912751,       2.682697641,       6.039133276,       4.856601533
          0,           0,         462,      -1.541483167,       2.610742212,       2.532786547,       2.778297926,       6.077782455,       4.876508876
          0,           0,         463,      -1.529016025,       2.666376535,       2.442649267,       2.755988007,        6.19329785,       4.956640432
          0,           0,         464,      -1.701694688,       2.519383482,       2.390584516,       2.525407873,       6.322611146,        5.08666149
          0,           0,         465,      -1.669952859,       2.532591063,       2.268947605,       2.701959455,       6.411595273,       5.243355184
          0,           0,         466,       -1.63071224,       2.661822521,        2.53462755,        2.80601442,       6.519600864,        5.38811579
          0,           0,         467,      -1.501265466,       2.772150588,       2.505337938,       2.865478906,       6.580959392,       5.476367473
          0,           0,         468,      -1.963204392,       2.401251799,       2.274512509,       2.381905095,       6.609281464,       5.479804258
          0,           0,         469,      -2.034017915,       2.158420766,       2.290664008,       2.339561599,        6.62547639,       5.465447027
          0,           0,         470,      -1.982737755,       2.365279555,       2.134569939,       2.515617923,       6.650844162,       5.456616075
          0,           0,         471,        -2.0227142,        2.26045919,        2.44124103,       2.295360515,        6.66922356,       5.477932905
          0,           0,         472,      -1.994743622,       2.309881776,       2.274670375,       2.554239091,       6.719685157,       5.523151053
          0,           0,         473,      -2.108531949,       2.189170125,       2.531249804,       2.353558838,       6.772206111,       5.590875704
          0,           0,         474,       -1.97224465,       2.363452188,       2.332505182,       2.546534603,       6.862930808,       5.691664371
          0,           0,         475,      -1.999864725,       2.341812892,        2.60144792,       2.454821624,        6.96658281,       5.807103536
          0,           0,         476,      -1.919505891,       2.572279865,        2.53672184,       2.631478838,       7.103005734,       5.940949905
          0,           0,         477,      -1.828756503,       2.627839539,       2.786511637,        2.78844151,       7.274193856,       6.099426137
          0,           0,         478,      -1.684073485,       2.844594484,       3.085740333,        2.77891732,       7.544759646,       6.293217702
          0,           0,         479,      -1.268871056,       3.151479999,       3.237830451,       2.983552172,       8.086107788,       6.504745469
          0,           0,         480,      -1.414010137,       2.968506662,       2.736234689,       3.117928687,       8.743384527,       6.731435197
          0,           0,         481,      -1.198026058,       2.967906837,       3.480832921,       3.230514227,       9.248212002,       7.245657878
          0,           0,         482,     -0.9772452077,       3.264933682,       3.545292168,       3.291855885,       9.408867441,       7.411615294
          0,           0,         483,      -1.251878553,       3.244273417,       3.019365798,       3.329674954,       9.572271527,       7.563939753
          0,           0,         484,      -1.097676978,       3.156861334,        3.55504294,        3.27473871,       9.646400355,        7.61710393
          0,           0,         485,     -0.9373768324,       3.308028503,       3.563551649,       3.393562269,       9.497322744,       7.574574473
          0,           0,         486,      -1.289728424,       3.182778411,       3.020022906,       3.356195155,       9.319175261,       7.494463999
          0,           0,         487,      -1.026020018,       3.213225474,       3.645202022,       3.350417227,       9.122643869,       7.367877546
          0,           0,         488,     -0.7792515697,       3.525713344,       3.750647175,       3.561135086,       8.942806001,       7.232335583
          0,           0,         489,      -1.017783561,       3.487585792,        3.41856291,       3.549268745,       8.812633683,       7.132477097
          0,           0,         490,     -0.9056771398,       3.603606487,       3.766398034,       3.740870577,       8.711072897,       7.073953052
          0,           0,         491,     -0.6224974063,       3.776786442,       3.941787017,       3.828781026,       8.560322102,       6.942012486
          0,           0,         492,      -0.530298766,        3.83552897,         4.1145052,       3.848139668,       8.258840358,       6.656207396
          0,           0,         493,     -0.4113035137,       3.893094716,       4.201467482,       3.855914262,       8.003874574,       6.366536313
          0,           0,         494,     -0.3708554332,       4.032767637,       4.114273705,       4.004635292,       7.756847952,       6.128212567
          0,           0,         495,     -0.4626858863,        4.03017214,       3.997966573,       4.049421788,       7.870637788,       6.009981157
          0,           0,         496,     -0.6277549092,       3.977639002,       4.007468169,       4.025325264,       8.420876739,       6.073440504
          0,           0,         497,     -0.7179925806,       3.991365564,       3.888791451,       4.266451934,       8.718583499,       6.183850307
          0,           0,         498,     -0.3873680003,       4.126362111,       4.382705857,        4.28297344,       8.994212765,        6.55724694
          0,           0,         499,     -0.1821405987,       4.262764959,       4.584081132,       4.400622057,       9.213034691,       6.854673036
